date,units_sold,unit_cost,revenue,total_cost,profit,month,day_of_week,gross_margin,cost_phase,is_weekend,is_festival_window,basic_units,basic_revenue,basic_profit,basic_unit_cost,advanced_units,advanced_revenue,advanced_profit,advanced_unit_cost,festival_boost,basic_unit_error,advanced_unit_error,basic_revenue_error,advanced_revenue_error
2025-07-01,6,129.7,1170,778.2,391.8,2025-07,Tuesday,0.33487179487179486,Pre cost optimization,False,False,10,1950.0,653.0,129.7,10,1950.0,653.0,129.7,1.0,4,4,780.0,780.0
2025-07-02,6,129.7,1170,778.2,391.8,2025-07,Wednesday,0.33487179487179486,Pre cost optimization,False,False,10,1950.0,653.0,129.7,24,4680.0,1567.2000000000005,129.7,1.0,4,18,780.0,3510.0
2025-07-03,7,129.7,1365,907.9,457.1,2025-07,Thursday,0.3348717948717949,Pre cost optimization,False,False,10,1950.0,653.0,129.7,10,1950.0,653.0,129.7,1.0,3,3,585.0,585.0
2025-07-04,6,129.7,1170,778.2,391.8,2025-07,Friday,0.33487179487179486,Pre cost optimization,False,False,10,1950.0,653.0,129.7,16,3120.0,1044.8000000000002,129.7,1.0,4,10,780.0,1950.0
2025-07-05,14,129.7,2730,1815.8,914.2,2025-07,Saturday,0.3348717948717949,Pre cost optimization,True,False,10,1950.0,653.0,129.7,17,3315.0,1110.1000000000004,129.7,1.0,-4,3,-780.0,585.0
2025-07-06,14,129.7,2730,1815.8,914.2,2025-07,Sunday,0.3348717948717949,Pre cost optimization,True,False,11,2145.0,718.3000000000002,129.7,11,2145.0,718.3000000000002,129.7,1.0,-3,-3,-585.0,-585.0
2025-07-07,7,129.7,1365,907.9,457.1,2025-07,Monday,0.3348717948717949,Pre cost optimization,False,False,11,2145.0,718.3000000000002,129.7,12,2340.0,783.6000000000001,129.7,1.0,4,5,780.0,975.0
2025-07-08,7,129.7,1365,907.9,457.1,2025-07,Tuesday,0.3348717948717949,Pre cost optimization,False,False,11,2145.0,718.3000000000002,129.7,18,3510.0,1175.4,129.7,1.0,4,11,780.0,2145.0
2025-07-09,8,129.7,1560,1037.6,522.4,2025-07,Wednesday,0.33487179487179486,Pre cost optimization,False,False,11,2145.0,718.3000000000002,129.7,17,3315.0,1110.1000000000004,129.7,1.0,3,9,585.0,1755.0
2025-07-10,6,129.7,1170,778.2,391.8,2025-07,Thursday,0.33487179487179486,Pre cost optimization,False,False,11,2145.0,718.3000000000002,129.7,17,3315.0,1110.1000000000004,129.7,1.0,5,11,975.0,2145.0
2025-07-11,7,129.7,1365,907.9,457.1,2025-07,Friday,0.3348717948717949,Pre cost optimization,False,False,11,2145.0,718.3000000000002,129.7,23,4485.0,1501.9,129.7,1.0,4,16,780.0,3120.0
2025-07-12,15,129.7,2925,1945.5,979.5,2025-07,Saturday,0.33487179487179486,Pre cost optimization,True,False,11,2145.0,718.3000000000002,129.7,13,2535.0,848.9000000000001,129.7,1.0,-4,-2,-780.0,-390.0
2025-07-13,16,129.7,3120,2075.2,1044.8,2025-07,Sunday,0.33487179487179486,Pre cost optimization,True,False,12,2340.0,783.6000000000001,129.7,25,4875.0,1632.5000000000005,129.7,1.0,-4,9,-780.0,1755.0
2025-07-14,8,129.7,1560,1037.6,522.4,2025-07,Monday,0.33487179487179486,Pre cost optimization,False,False,12,2340.0,783.6000000000001,129.7,16,3120.0,1044.8000000000002,129.7,1.0,4,8,780.0,1560.0
2025-07-15,7,129.7,1365,907.9,457.1,2025-07,Tuesday,0.3348717948717949,Pre cost optimization,False,False,12,2340.0,783.6000000000001,129.7,22,4290.0,1436.6000000000004,129.7,1.0,5,15,975.0,2925.0
2025-07-16,8,129.7,1560,1037.6,522.4,2025-07,Wednesday,0.33487179487179486,Pre cost optimization,False,False,12,2340.0,783.6000000000001,129.7,21,4095.0,1371.3000000000002,129.7,1.0,4,13,780.0,2535.0
2025-07-17,8,129.7,1560,1037.6,522.4,2025-07,Thursday,0.33487179487179486,Pre cost optimization,False,False,12,2340.0,783.6000000000001,129.7,22,4290.0,1436.6000000000004,129.7,1.0,4,14,780.0,2730.0
2025-07-18,10,129.7,1950,1297.0,653.0,2025-07,Friday,0.33487179487179486,Pre cost optimization,False,False,12,2340.0,783.6000000000001,129.7,20,3900.0,1306.0,129.7,1.0,2,10,390.0,1950.0
2025-07-19,15,129.7,2925,1945.5,979.5,2025-07,Saturday,0.33487179487179486,Pre cost optimization,True,False,12,2340.0,783.6000000000001,129.7,22,4290.0,1436.6000000000004,129.7,1.0,-3,7,-585.0,1365.0
2025-07-20,20,129.7,3900,2594.0,1306.0,2025-07,Sunday,0.33487179487179486,Pre cost optimization,True,False,13,2535.0,848.9000000000001,129.7,14,2730.0,914.2000000000004,129.7,1.0,-7,-6,-1365.0,-1170.0
2025-07-21,11,129.7,2145,1426.7,718.3,2025-07,Monday,0.33487179487179486,Pre cost optimization,False,False,13,2535.0,848.9000000000001,129.7,18,3510.0,1175.4,129.7,1.0,2,7,390.0,1365.0
2025-07-22,12,129.7,2340,1556.4,783.6,2025-07,Tuesday,0.33487179487179486,Pre cost optimization,False,False,13,2535.0,848.9000000000001,129.7,18,3510.0,1175.4,129.7,1.0,1,6,195.0,1170.0
2025-07-23,9,129.7,1755,1167.3,587.7,2025-07,Wednesday,0.3348717948717949,Pre cost optimization,False,False,13,2535.0,848.9000000000001,129.7,24,4680.0,1567.2000000000005,129.7,1.0,4,15,780.0,2925.0
2025-07-24,8,129.7,1560,1037.6,522.4,2025-07,Thursday,0.33487179487179486,Pre cost optimization,False,False,13,2535.0,848.9000000000001,129.7,22,4290.0,1436.6000000000004,129.7,1.0,5,14,975.0,2730.0
2025-07-25,12,129.7,2340,1556.4,783.6,2025-07,Friday,0.33487179487179486,Pre cost optimization,False,False,13,2535.0,848.9000000000001,129.7,29,5655.0,1893.7000000000005,129.7,1.0,1,17,195.0,3315.0
2025-07-26,17,129.7,3315,2204.9,1110.1,2025-07,Saturday,0.33487179487179486,Pre cost optimization,True,False,13,2535.0,848.9000000000001,129.7,19,3705.0,1240.7000000000005,129.7,1.0,-4,2,-780.0,390.0
2025-07-27,22,129.7,4290,2853.4,1436.6,2025-07,Sunday,0.33487179487179486,Pre cost optimization,True,False,14,2730.0,914.2000000000003,129.7,12,2340.0,783.6000000000001,129.7,1.0,-8,-10,-1560.0,-1950.0
2025-07-28,12,129.7,2340,1556.4,783.6,2025-07,Monday,0.33487179487179486,Pre cost optimization,False,False,14,2730.0,914.2000000000003,129.7,10,1950.0,653.0,129.7,1.0,2,-2,390.0,-390.0
2025-07-29,13,129.7,2535,1686.1,848.9,2025-07,Tuesday,0.33487179487179486,Pre cost optimization,False,False,14,2730.0,914.2000000000003,129.7,26,5070.0,1697.8000000000002,129.7,1.0,1,13,195.0,2535.0
2025-07-30,13,129.7,2535,1686.1,848.9,2025-07,Wednesday,0.33487179487179486,Pre cost optimization,False,False,14,2730.0,914.2000000000003,129.7,40,7800.0,2612.0,129.7,1.0,1,27,195.0,5265.0
2025-07-31,10,129.7,1950,1297.0,653.0,2025-07,Thursday,0.33487179487179486,Pre cost optimization,False,False,14,2730.0,914.2000000000003,129.7,33,6435.0,2154.9000000000005,129.7,1.0,4,23,780.0,4485.0
2025-08-01,12,129.7,2340,1556.4,783.6,2025-08,Friday,0.33487179487179486,Pre cost optimization,False,False,14,2730.0,914.2000000000003,129.7,30,5850.0,1959.0000000000005,129.7,1.0,2,18,390.0,3510.0
2025-08-02,19,129.7,3705,2464.3,1240.7,2025-08,Saturday,0.33487179487179486,Pre cost optimization,True,False,15,2925.0,979.5000000000002,129.7,32,6240.0,2089.6000000000004,129.7,1.0,-4,13,-780.0,2535.0
2025-08-03,20,129.7,3900,2594.0,1306.0,2025-08,Sunday,0.33487179487179486,Pre cost optimization,True,False,15,2925.0,979.5000000000002,129.7,25,4875.0,1632.5000000000005,129.7,1.0,-5,5,-975.0,975.0
2025-08-04,13,129.7,2535,1686.1,848.9,2025-08,Monday,0.33487179487179486,Pre cost optimization,False,False,15,2925.0,979.5000000000002,129.7,29,5655.0,1893.7000000000005,129.7,1.0,2,16,390.0,3120.0
2025-08-05,14,129.7,2730,1815.8,914.2,2025-08,Tuesday,0.3348717948717949,Pre cost optimization,False,False,15,2925.0,979.5000000000002,129.7,39,7605.0,2546.7000000000007,129.7,1.0,1,25,195.0,4875.0
2025-08-06,14,129.7,2730,1815.8,914.2,2025-08,Wednesday,0.3348717948717949,Pre cost optimization,False,False,15,2925.0,979.5000000000002,129.7,35,6825.0,2285.5,129.7,1.0,1,21,195.0,4095.0
2025-08-07,12,129.7,2340,1556.4,783.6,2025-08,Thursday,0.33487179487179486,Pre cost optimization,False,False,16,3120.0,1044.8000000000002,129.7,41,7995.0,2677.3,129.7,1.0,4,29,780.0,5655.0
2025-08-08,11,129.7,2145,1426.7,718.3,2025-08,Friday,0.33487179487179486,Pre cost optimization,False,False,16,3120.0,1044.8000000000002,129.7,52,10140.0,3395.6000000000004,129.7,1.0,5,41,975.0,7995.0
2025-08-09,28,129.7,5460,3631.6,1828.4,2025-08,Saturday,0.3348717948717949,Pre cost optimization,True,False,16,3120.0,1044.8000000000002,129.7,39,7605.0,2546.7000000000007,129.7,1.0,-12,11,-2340.0,2145.0
2025-08-10,23,129.7,4485,2983.1,1501.9,2025-08,Sunday,0.3348717948717949,Pre cost optimization,True,False,16,3120.0,1044.8000000000002,129.7,33,6435.0,2154.9000000000005,129.7,1.0,-7,10,-1365.0,1950.0
2025-08-11,14,129.7,2730,1815.8,914.2,2025-08,Monday,0.3348717948717949,Pre cost optimization,False,False,16,3120.0,1044.8000000000002,129.7,28,5460.0,1828.4000000000003,129.7,1.0,2,14,390.0,2730.0
2025-08-12,15,129.7,2925,1945.5,979.5,2025-08,Tuesday,0.33487179487179486,Pre cost optimization,False,False,17,3315.0,1110.1000000000004,129.7,34,6630.0,2220.2000000000007,129.7,1.0,2,19,390.0,3705.0
2025-08-13,16,129.7,3120,2075.2,1044.8,2025-08,Wednesday,0.33487179487179486,Pre cost optimization,False,False,17,3315.0,1110.1000000000004,129.7,50,9750.0,3265.000000000001,129.7,1.0,1,34,195.0,6630.0
2025-08-14,12,129.7,2340,1556.4,783.6,2025-08,Thursday,0.33487179487179486,Pre cost optimization,False,False,17,3315.0,1110.1000000000004,129.7,47,9165.0,3069.1000000000004,129.7,1.0,5,35,975.0,6825.0
2025-08-15,18,129.7,3510,2334.6,1175.4,2025-08,Friday,0.3348717948717949,Pre cost optimization,False,False,17,3315.0,1110.1000000000004,129.7,41,7995.0,2677.3,129.7,1.0,-1,23,-195.0,4485.0
2025-08-16,28,129.7,5460,3631.6,1828.4,2025-08,Saturday,0.3348717948717949,Pre cost optimization,True,False,17,3315.0,1110.1000000000004,129.7,25,4875.0,1632.5000000000005,129.7,1.0,-11,-3,-2145.0,-585.0
2025-08-17,29,129.7,5655,3761.3,1893.7,2025-08,Sunday,0.33487179487179486,Pre cost optimization,True,False,18,3510.0,1175.4,129.7,27,5265.0,1763.1000000000004,129.7,1.0,-11,-2,-2145.0,-390.0
2025-08-18,18,129.7,3510,2334.6,1175.4,2025-08,Monday,0.3348717948717949,Pre cost optimization,False,False,18,3510.0,1175.4,129.7,28,5460.0,1828.4000000000003,129.7,1.0,0,10,0.0,1950.0
2025-08-19,17,129.7,3315,2204.9,1110.1,2025-08,Tuesday,0.33487179487179486,Pre cost optimization,False,False,18,3510.0,1175.4,129.7,42,8190.0,2742.6000000000004,129.7,1.0,1,25,195.0,4875.0
2025-08-20,16,129.7,3120,2075.2,1044.8,2025-08,Wednesday,0.33487179487179486,Pre cost optimization,False,False,18,3510.0,1175.4,129.7,43,8385.0,2807.9000000000005,129.7,1.0,2,27,390.0,5265.0
2025-08-21,18,129.7,3510,2334.6,1175.4,2025-08,Thursday,0.3348717948717949,Pre cost optimization,False,False,18,3510.0,1175.4,129.7,53,10335.0,3460.9000000000005,129.7,1.0,0,35,0.0,6825.0
2025-08-22,17,129.7,3315,2204.9,1110.1,2025-08,Friday,0.33487179487179486,Pre cost optimization,False,False,19,3705.0,1240.7000000000003,129.7,38,7410.0,2481.4000000000005,129.7,1.0,2,21,390.0,4095.0
2025-08-23,31,129.7,6045,4020.7,2024.3,2025-08,Saturday,0.33487179487179486,Pre cost optimization,True,False,19,3705.0,1240.7000000000003,129.7,24,4680.0,1567.2000000000005,129.7,1.0,-12,-7,-2340.0,-1365.0
2025-08-24,37,129.7,7215,4798.9,2416.1,2025-08,Sunday,0.33487179487179486,Pre cost optimization,True,False,19,3705.0,1240.7000000000003,129.7,24,4680.0,1567.2000000000005,129.7,1.0,-18,-13,-3510.0,-2535.0
2025-08-25,19,129.7,3705,2464.3,1240.7,2025-08,Monday,0.33487179487179486,Pre cost optimization,False,False,19,3705.0,1240.7000000000003,129.7,30,5850.0,1959.0000000000005,129.7,1.0,0,11,0.0,2145.0
2025-08-26,17,129.7,3315,2204.9,1110.1,2025-08,Tuesday,0.33487179487179486,Pre cost optimization,False,False,20,3900.0,1306.0,129.7,35,6825.0,2285.5,129.7,1.0,3,18,585.0,3510.0
2025-08-27,18,129.7,3510,2334.6,1175.4,2025-08,Wednesday,0.3348717948717949,Pre cost optimization,False,False,20,3900.0,1306.0,129.7,50,9750.0,3265.000000000001,129.7,1.0,2,32,390.0,6240.0
2025-08-28,18,129.7,3510,2334.6,1175.4,2025-08,Thursday,0.3348717948717949,Pre cost optimization,False,False,20,3900.0,1306.0,129.7,57,11115.0,3722.1,129.7,1.0,2,39,390.0,7605.0
2025-08-29,15,129.7,2925,1945.5,979.5,2025-08,Friday,0.33487179487179486,Pre cost optimization,False,False,20,3900.0,1306.0,129.7,52,10140.0,3395.6000000000004,129.7,1.0,5,37,975.0,7215.0
2025-08-30,37,129.7,7215,4798.9,2416.1,2025-08,Saturday,0.33487179487179486,Pre cost optimization,True,False,21,4095.0,1371.3000000000002,129.7,37,7215.0,2416.1000000000004,129.7,1.0,-16,0,-3120.0,0.0
2025-08-31,28,129.7,5460,3631.6,1828.4,2025-08,Sunday,0.3348717948717949,Pre cost optimization,True,False,21,4095.0,1371.3000000000002,129.7,30,5850.0,1959.0000000000005,129.7,1.0,-7,2,-1365.0,390.0
2025-09-01,19,129.7,3705,2464.3,1240.7,2025-09,Monday,0.33487179487179486,Pre cost optimization,False,False,21,4095.0,1371.3000000000002,129.7,35,6825.0,2285.5,129.7,1.0,2,16,390.0,3120.0
2025-09-02,19,129.7,3705,2464.3,1240.7,2025-09,Tuesday,0.33487179487179486,Pre cost optimization,False,False,21,4095.0,1371.3000000000002,129.7,54,10530.0,3526.2000000000007,129.7,1.0,2,35,390.0,6825.0
2025-09-03,20,129.7,3900,2594.0,1306.0,2025-09,Wednesday,0.33487179487179486,Pre cost optimization,False,False,22,4290.0,1436.6000000000004,129.7,54,10530.0,3526.2000000000007,129.7,1.0,2,34,390.0,6630.0
2025-09-04,17,129.7,3315,2204.9,1110.1,2025-09,Thursday,0.33487179487179486,Pre cost optimization,False,False,22,4290.0,1436.6000000000004,129.7,69,13455.0,4505.700000000001,129.7,1.0,5,52,975.0,10140.0
2025-09-05,15,129.7,2925,1945.5,979.5,2025-09,Friday,0.33487179487179486,Pre cost optimization,False,False,22,4290.0,1436.6000000000004,129.7,57,11115.0,3722.1,129.7,1.0,7,42,1365.0,8190.0
2025-09-06,43,129.7,8385,5577.1,2807.9,2025-09,Saturday,0.33487179487179486,Pre cost optimization,True,False,22,4290.0,1436.6000000000004,129.7,56,10920.0,3656.800000000001,129.7,1.0,-21,13,-4095.0,2535.0
2025-09-07,43,129.7,8385,5577.1,2807.9,2025-09,Sunday,0.33487179487179486,Pre cost optimization,True,False,23,4485.0,1501.9,129.7,44,8580.0,2873.2000000000007,129.7,1.0,-20,1,-3900.0,195.0
2025-09-08,22,129.7,4290,2853.4,1436.6,2025-09,Monday,0.33487179487179486,Pre cost optimization,False,False,23,4485.0,1501.9,129.7,45,8775.0,2938.500000000001,129.7,1.0,1,23,195.0,4485.0
2025-09-09,23,129.7,4485,2983.1,1501.9,2025-09,Tuesday,0.3348717948717949,Pre cost optimization,False,False,23,4485.0,1501.9,129.7,60,11700.0,3918.000000000001,129.7,1.0,0,37,0.0,7215.0
2025-09-10,17,129.7,3315,2204.9,1110.1,2025-09,Wednesday,0.33487179487179486,Pre cost optimization,False,False,23,4485.0,1501.9,129.7,65,12675.0,4244.5,129.7,1.0,6,48,1170.0,9360.0
2025-09-11,21,129.7,4095,2723.7,1371.3,2025-09,Thursday,0.33487179487179486,Pre cost optimization,False,False,24,4680.0,1567.2000000000003,129.7,69,13455.0,4505.700000000001,129.7,1.0,3,48,585.0,9360.0
2025-09-12,22,129.7,4290,2853.4,1436.6,2025-09,Friday,0.33487179487179486,Pre cost optimization,False,False,24,4680.0,1567.2000000000003,129.7,60,11700.0,3918.000000000001,129.7,1.0,2,38,390.0,7410.0
2025-09-13,46,129.7,8970,5966.2,3003.8,2025-09,Saturday,0.3348717948717949,Pre cost optimization,True,False,24,4680.0,1567.2000000000003,129.7,48,9360.0,3134.4000000000005,129.7,1.0,-22,2,-4290.0,390.0
2025-09-14,36,129.7,7020,4669.2,2350.8,2025-09,Sunday,0.3348717948717949,Pre cost optimization,True,False,25,4875.0,1632.5000000000005,129.7,46,8970.0,3003.8,129.7,1.0,-11,10,-2145.0,1950.0
2025-09-15,18,129.7,3510,2334.6,1175.4,2025-09,Monday,0.3348717948717949,Pre cost optimization,False,False,25,4875.0,1632.5000000000005,129.7,45,8775.0,2938.500000000001,129.7,1.0,7,27,1365.0,5265.0
2025-09-16,17,129.7,3315,2204.9,1110.1,2025-09,Tuesday,0.33487179487179486,Pre cost optimization,False,False,25,4875.0,1632.5000000000005,129.7,50,9750.0,3265.000000000001,129.7,1.0,8,33,1560.0,6435.0
2025-09-17,24,129.7,4680,3112.8,1567.2,2025-09,Wednesday,0.33487179487179486,Pre cost optimization,False,False,25,4875.0,1632.5000000000005,129.7,56,10920.0,3656.800000000001,129.7,1.0,1,32,195.0,6240.0
2025-09-18,19,129.7,3705,2464.3,1240.7,2025-09,Thursday,0.33487179487179486,Pre cost optimization,False,False,26,5070.0,1697.8000000000002,129.7,54,10530.0,3526.2000000000007,129.7,1.0,7,35,1365.0,6825.0
2025-09-19,25,129.7,4875,3242.5,1632.5,2025-09,Friday,0.33487179487179486,Pre cost optimization,False,False,26,5070.0,1697.8000000000002,129.7,59,11505.0,3852.7000000000007,129.7,1.0,1,34,195.0,6630.0
2025-09-20,45,129.7,8775,5836.5,2938.5,2025-09,Saturday,0.33487179487179486,Pre cost optimization,True,False,26,5070.0,1697.8000000000002,129.7,52,10140.0,3395.6000000000004,129.7,1.0,-19,7,-3705.0,1365.0
2025-09-21,38,129.7,7410,4928.6,2481.4,2025-09,Sunday,0.33487179487179486,Pre cost optimization,True,False,27,5265.0,1763.1000000000004,129.7,33,6435.0,2154.9000000000005,129.7,1.0,-11,-5,-2145.0,-975.0
2025-09-22,20,129.7,3900,2594.0,1306.0,2025-09,Monday,0.33487179487179486,Pre cost optimization,False,False,27,5265.0,1763.1000000000004,129.7,44,8580.0,2873.2000000000007,129.7,1.0,7,24,1365.0,4680.0
2025-09-23,18,129.7,3510,2334.6,1175.4,2025-09,Tuesday,0.3348717948717949,Pre cost optimization,False,False,27,5265.0,1763.1000000000004,129.7,37,7215.0,2416.1000000000004,129.7,1.0,9,19,1755.0,3705.0
2025-09-24,23,129.7,4485,2983.1,1501.9,2025-09,Wednesday,0.3348717948717949,Pre cost optimization,False,False,28,5460.0,1828.4000000000005,129.7,58,11310.0,3787.400000000001,129.7,1.0,5,35,975.0,6825.0
2025-09-25,21,129.7,4095,2723.7,1371.3,2025-09,Thursday,0.33487179487179486,Pre cost optimization,False,False,28,5460.0,1828.4000000000005,129.7,57,11115.0,3722.1,129.7,1.0,7,36,1365.0,7020.0
2025-09-26,21,129.7,4095,2723.7,1371.3,2025-09,Friday,0.33487179487179486,Pre cost optimization,False,False,28,5460.0,1828.4000000000005,129.7,63,12285.0,4113.900000000001,129.7,1.0,7,42,1365.0,8190.0
2025-09-27,42,129.7,8190,5447.4,2742.6,2025-09,Saturday,0.33487179487179486,Pre cost optimization,True,False,29,5655.0,1893.7000000000003,129.7,58,11310.0,3787.400000000001,129.7,1.0,-13,16,-2535.0,3120.0
2025-09-28,42,129.7,8190,5447.4,2742.6,2025-09,Sunday,0.33487179487179486,Pre cost optimization,True,False,29,5655.0,1893.7000000000003,129.7,48,9360.0,3134.4000000000005,129.7,1.0,-13,6,-2535.0,1170.0
2025-09-29,25,129.7,4875,3242.5,1632.5,2025-09,Monday,0.33487179487179486,Pre cost optimization,False,False,29,5655.0,1893.7000000000003,129.7,59,11505.0,3852.7000000000007,129.7,1.0,4,34,780.0,6630.0
2025-09-30,24,129.7,4680,3112.8,1567.2,2025-09,Tuesday,0.33487179487179486,Pre cost optimization,False,False,30,5850.0,1959.0000000000005,129.7,60,11700.0,3918.000000000001,129.7,1.0,6,36,1170.0,7020.0
2025-10-01,41,110.25,7995,4520.25,3474.75,2025-10,Wednesday,0.4346153846153846,Post cost optimization,False,False,30,5850.0,2542.65,110.24499999999999,77,15015.0,6526.135,110.245,1.0,-11,36,-2145.0,7020.0
2025-10-02,38,110.25,7410,4189.5,3220.5,2025-10,Thursday,0.4346153846153846,Post cost optimization,False,False,30,5850.0,2542.65,110.24499999999999,89,17355.0,7543.1950000000015,110.245,1.0,-8,51,-1560.0,9945.0
2025-10-03,54,110.25,10530,5953.5,4576.5,2025-10,Friday,0.4346153846153846,Post cost optimization,False,False,31,6045.0,2627.405,110.24499999999999,72,14040.0,6102.360000000001,110.245,1.0,-23,18,-4485.0,3510.0
2025-10-04,94,110.25,18330,10363.5,7966.5,2025-10,Saturday,0.4346153846153846,Post cost optimization,True,False,31,6045.0,2627.405,110.24499999999999,71,13845.0,6017.6050000000005,110.245,1.0,-63,-23,-12285.0,-4485.0
2025-10-05,76,110.25,14820,8379.0,6441.0,2025-10,Sunday,0.4346153846153846,Post cost optimization,True,False,32,6240.0,2712.1600000000003,110.24499999999999,63,12285.0,5339.5650000000005,110.245,1.0,-44,-13,-8580.0,-2535.0
2025-10-06,46,110.25,8970,5071.5,3898.5,2025-10,Monday,0.4346153846153846,Post cost optimization,False,False,32,6240.0,2712.1600000000003,110.24499999999999,60,11700.0,5085.3,110.245,1.0,-14,14,-2730.0,2730.0
2025-10-07,46,110.25,8970,5071.5,3898.5,2025-10,Tuesday,0.4346153846153846,Post cost optimization,False,False,32,6240.0,2712.1600000000003,110.24499999999999,75,14625.0,6356.625,110.245,1.0,-14,29,-2730.0,5655.0
2025-10-08,42,110.25,8190,4630.5,3559.5,2025-10,Wednesday,0.4346153846153846,Post cost optimization,False,False,33,6435.0,2796.9150000000004,110.24499999999999,83,16185.0,7034.665000000001,110.245,1.0,-9,41,-1755.0,7995.0
2025-10-09,42,110.25,8190,4630.5,3559.5,2025-10,Thursday,0.4346153846153846,Post cost optimization,False,False,33,6435.0,2796.9150000000004,110.24499999999999,85,16575.0,7204.175000000001,110.245,1.0,-9,43,-1755.0,8385.0
2025-10-10,58,110.25,11310,6394.5,4915.5,2025-10,Friday,0.4346153846153846,Post cost optimization,False,False,34,6630.0,2881.6700000000005,110.24499999999999,79,15405.0,6695.645,110.245,1.0,-24,21,-4680.0,4095.0
2025-10-11,95,110.25,18525,10473.75,8051.25,2025-10,Saturday,0.4346153846153846,Post cost optimization,True,False,34,6630.0,2881.6700000000005,110.24499999999999,68,13260.0,5763.340000000001,110.245,1.0,-61,-27,-11895.0,-5265.0
2025-10-12,81,110.25,15795,8930.25,6864.75,2025-10,Sunday,0.4346153846153846,Post cost optimization,True,False,34,6630.0,2881.6700000000005,110.24499999999999,60,11700.0,5085.3,110.245,1.0,-47,-21,-9165.0,-4095.0
2025-10-13,47,110.25,9165,5181.75,3983.25,2025-10,Monday,0.4346153846153846,Post cost optimization,False,False,35,6825.0,2966.425,110.24499999999999,66,12870.0,5593.830000000001,110.245,1.0,-12,19,-2340.0,3705.0
2025-10-14,63,110.25,12285,6945.75,5339.25,2025-10,Tuesday,0.4346153846153846,Post cost optimization,False,False,35,6825.0,2966.425,110.24499999999999,73,14235.0,6187.115000000001,110.245,1.0,-28,10,-5460.0,1950.0
2025-10-15,57,110.25,11115,6284.25,4830.75,2025-10,Wednesday,0.4346153846153846,Post cost optimization,False,False,36,7020.0,3051.1800000000003,110.24499999999999,81,15795.0,6865.155000000001,110.245,1.0,-21,24,-4095.0,4680.0
2025-10-16,61,110.25,11895,6725.25,5169.75,2025-10,Thursday,0.4346153846153846,Post cost optimization,False,False,36,7020.0,3051.1800000000003,110.24499999999999,79,15405.0,6695.645,110.245,1.0,-25,18,-4875.0,3510.0
2025-10-17,57,110.25,11115,6284.25,4830.75,2025-10,Friday,0.4346153846153846,Post cost optimization,False,True,36,7020.0,3051.1800000000003,110.24499999999999,108,21060.0,9153.54,110.245,1.5,-21,51,-4095.0,9945.0
2025-10-18,100,110.25,19500,11025.0,8475.0,2025-10,Saturday,0.4346153846153846,Post cost optimization,True,True,37,7215.0,3135.9350000000004,110.24499999999999,93,18135.0,7882.215,110.245,1.5,-63,-7,-12285.0,-1365.0
2025-10-19,83,110.25,16185,9150.75,7034.25,2025-10,Sunday,0.4346153846153846,Post cost optimization,True,True,37,7215.0,3135.9350000000004,110.24499999999999,75,14625.0,6356.625,110.245,1.5,-46,-8,-8970.0,-1560.0
2025-10-20,65,110.25,12675,7166.25,5508.75,2025-10,Monday,0.4346153846153846,Post cost optimization,False,True,38,7410.0,3220.6900000000005,110.24499999999999,75,14625.0,6356.625,110.245,1.5,-27,10,-5265.0,1950.0
2025-10-21,64,110.25,12480,7056.0,5424.0,2025-10,Tuesday,0.4346153846153846,Post cost optimization,False,True,38,7410.0,3220.6900000000005,110.24499999999999,99,19305.0,8390.745,110.245,1.5,-26,35,-5070.0,6825.0
2025-10-22,54,110.25,10530,5953.5,4576.5,2025-10,Wednesday,0.4346153846153846,Post cost optimization,False,True,39,7605.0,3305.4450000000006,110.24499999999999,106,20670.0,8984.03,110.245,1.5,-15,52,-2925.0,10140.0
2025-10-23,56,110.25,10920,6174.0,4746.0,2025-10,Thursday,0.4346153846153846,Post cost optimization,False,True,39,7605.0,3305.4450000000006,110.24499999999999,111,21645.0,9407.805,110.245,1.5,-17,55,-3315.0,10725.0
2025-10-24,53,110.25,10335,5843.25,4491.75,2025-10,Friday,0.4346153846153846,Post cost optimization,False,False,40,7800.0,3390.2000000000007,110.24499999999999,65,12675.0,5509.075000000001,110.245,1.0,-13,12,-2535.0,2340.0
2025-10-25,92,110.25,17940,10143.0,7797.0,2025-10,Saturday,0.4346153846153846,Post cost optimization,True,False,40,7800.0,3390.2000000000007,110.24499999999999,66,12870.0,5593.830000000001,110.245,1.0,-52,-26,-10140.0,-5070.0
2025-10-26,100,110.25,19500,11025.0,8475.0,2025-10,Sunday,0.4346153846153846,Post cost optimization,True,False,41,7995.0,3474.955000000001,110.24499999999999,52,10140.0,4407.26,110.245,1.0,-59,-48,-11505.0,-9360.0
2025-10-27,54,110.25,10530,5953.5,4576.5,2025-10,Monday,0.4346153846153846,Post cost optimization,False,False,41,7995.0,3474.955000000001,110.24499999999999,59,11505.0,5000.545000000001,110.245,1.0,-13,5,-2535.0,975.0
2025-10-28,48,110.25,9360,5292.0,4068.0,2025-10,Tuesday,0.4346153846153846,Post cost optimization,False,False,42,8190.0,3559.71,110.24499999999999,74,14430.0,6271.870000000001,110.245,1.0,-6,26,-1170.0,5070.0
2025-10-29,66,110.25,12870,7276.5,5593.5,2025-10,Wednesday,0.4346153846153846,Post cost optimization,False,True,42,8190.0,3559.71,110.24499999999999,130,25350.0,11018.15,110.245,1.5,-24,64,-4680.0,12480.0
2025-10-30,58,110.25,11310,6394.5,4915.5,2025-10,Thursday,0.4346153846153846,Post cost optimization,False,True,43,8385.0,3644.465,110.24499999999999,130,25350.0,11018.15,110.245,1.5,-15,72,-2925.0,14040.0
2025-10-31,65,110.25,12675,7166.25,5508.75,2025-10,Friday,0.4346153846153846,Post cost optimization,False,True,43,8385.0,3644.465,110.24499999999999,130,25350.0,11018.15,110.245,1.5,-22,65,-4290.0,12675.0
2025-11-01,100,110.25,19500,11025.0,8475.0,2025-11,Saturday,0.4346153846153846,Post cost optimization,True,True,44,8580.0,3729.2200000000003,110.24499999999999,102,19890.0,8645.01,110.245,1.5,-56,2,-10920.0,390.0
2025-11-02,100,110.25,19500,11025.0,8475.0,2025-11,Sunday,0.4346153846153846,Post cost optimization,True,True,44,8580.0,3729.2200000000003,110.24499999999999,100,19500.0,8475.500000000002,110.245,1.5,-56,0,-10920.0,0.0
2025-11-03,55,110.25,10725,6063.75,4661.25,2025-11,Monday,0.4346153846153846,Post cost optimization,False,True,45,8775.0,3813.9750000000004,110.24499999999999,106,20670.0,8984.03,110.245,1.5,-10,51,-1950.0,9945.0
2025-11-04,70,110.25,13650,7717.5,5932.5,2025-11,Tuesday,0.4346153846153846,Post cost optimization,False,True,45,8775.0,3813.9750000000004,110.24499999999999,130,25350.0,11018.15,110.245,1.5,-25,60,-4875.0,11700.0
2025-11-05,49,110.25,9555,5402.25,4152.75,2025-11,Wednesday,0.4346153846153846,Post cost optimization,False,False,46,8970.0,3898.7300000000005,110.24499999999999,112,21840.0,9492.56,110.245,1.0,-3,63,-585.0,12285.0
2025-11-06,62,110.25,12090,6835.5,5254.5,2025-11,Thursday,0.4346153846153846,Post cost optimization,False,False,46,8970.0,3898.7300000000005,110.24499999999999,117,22815.0,9916.335,110.245,1.0,-16,55,-3120.0,10725.0
2025-11-07,64,110.25,12480,7056.0,5424.0,2025-11,Friday,0.4346153846153846,Post cost optimization,False,False,47,9165.0,3983.4850000000006,110.24499999999999,94,18330.0,7966.970000000001,110.245,1.0,-17,30,-3315.0,5850.0
2025-11-08,100,110.25,19500,11025.0,8475.0,2025-11,Saturday,0.4346153846153846,Post cost optimization,True,False,48,9360.0,4068.2400000000007,110.24499999999999,85,16575.0,7204.175000000001,110.245,1.0,-52,-15,-10140.0,-2925.0
2025-11-09,100,110.25,19500,11025.0,8475.0,2025-11,Sunday,0.4346153846153846,Post cost optimization,True,False,48,9360.0,4068.2400000000007,110.24499999999999,70,13650.0,5932.85,110.245,1.0,-52,-30,-10140.0,-5850.0
2025-11-10,53,110.25,10335,5843.25,4491.75,2025-11,Monday,0.4346153846153846,Post cost optimization,False,False,49,9555.0,4152.995000000001,110.24499999999999,77,15015.0,6526.135,110.245,1.0,-4,24,-780.0,4680.0
2025-11-11,60,110.25,11700,6615.0,5085.0,2025-11,Tuesday,0.4346153846153846,Post cost optimization,False,False,49,9555.0,4152.995000000001,110.24499999999999,97,18915.0,8221.235,110.245,1.0,-11,37,-2145.0,7215.0
2025-11-12,68,110.25,13260,7497.0,5763.0,2025-11,Wednesday,0.4346153846153846,Post cost optimization,False,False,50,9750.0,4237.750000000001,110.24499999999999,104,20280.0,8814.52,110.245,1.0,-18,36,-3510.0,7020.0
2025-11-13,56,110.25,10920,6174.0,4746.0,2025-11,Thursday,0.4346153846153846,Post cost optimization,False,False,50,9750.0,4237.750000000001,110.24499999999999,99,19305.0,8390.745,110.245,1.0,-6,43,-1170.0,8385.0
2025-11-14,52,110.25,10140,5733.0,4407.0,2025-11,Friday,0.4346153846153846,Post cost optimization,False,False,51,9945.0,4322.505,110.24499999999999,91,17745.0,7712.705000000002,110.245,1.0,-1,39,-195.0,7605.0
2025-11-15,100,110.25,19500,11025.0,8475.0,2025-11,Saturday,0.4346153846153846,Post cost optimization,True,False,52,10140.0,4407.26,110.24499999999999,82,15990.0,6949.910000000002,110.245,1.0,-48,-18,-9360.0,-3510.0
2025-11-16,100,110.25,19500,11025.0,8475.0,2025-11,Sunday,0.4346153846153846,Post cost optimization,True,False,52,10140.0,4407.26,110.24499999999999,57,11115.0,4831.035000000001,110.245,1.0,-48,-43,-9360.0,-8385.0
2025-11-17,66,110.25,12870,7276.5,5593.5,2025-11,Monday,0.4346153846153846,Post cost optimization,False,False,53,10335.0,4492.015,110.24499999999999,62,12090.0,5254.81,110.245,1.0,-13,-4,-2535.0,-780.0
2025-11-18,58,110.25,11310,6394.5,4915.5,2025-11,Tuesday,0.4346153846153846,Post cost optimization,False,False,54,10530.0,4576.77,110.24499999999999,69,13455.0,5848.095,110.245,1.0,-4,11,-780.0,2145.0
2025-11-19,65,110.25,12675,7166.25,5508.75,2025-11,Wednesday,0.4346153846153846,Post cost optimization,False,False,54,10530.0,4576.77,110.24499999999999,91,17745.0,7712.705000000002,110.245,1.0,-11,26,-2145.0,5070.0
2025-11-20,59,110.25,11505,6504.75,5000.25,2025-11,Thursday,0.4346153846153846,Post cost optimization,False,False,55,10725.0,4661.525000000001,110.24499999999999,95,18525.0,8051.725,110.245,1.0,-4,36,-780.0,7020.0
2025-11-21,69,110.25,13455,7607.25,5847.75,2025-11,Friday,0.4346153846153846,Post cost optimization,False,False,56,10920.0,4746.280000000001,110.24499999999999,83,16185.0,7034.665000000001,110.245,1.0,-13,14,-2535.0,2730.0
2025-11-22,100,110.25,19500,11025.0,8475.0,2025-11,Saturday,0.4346153846153846,Post cost optimization,True,False,56,10920.0,4746.280000000001,110.24499999999999,78,15210.0,6610.890000000001,110.245,1.0,-44,-22,-8580.0,-4290.0
2025-11-23,100,110.25,19500,11025.0,8475.0,2025-11,Sunday,0.4346153846153846,Post cost optimization,True,False,57,11115.0,4831.035000000001,110.24499999999999,59,11505.0,5000.545000000001,110.245,1.0,-43,-41,-8385.0,-7995.0
2025-11-24,59,110.25,11505,6504.75,5000.25,2025-11,Monday,0.4346153846153846,Post cost optimization,False,False,58,11310.0,4915.790000000001,110.24499999999999,67,13065.0,5678.585000000001,110.245,1.0,-1,8,-195.0,1560.0
2025-11-25,66,110.25,12870,7276.5,5593.5,2025-11,Tuesday,0.4346153846153846,Post cost optimization,False,False,58,11310.0,4915.790000000001,110.24499999999999,87,16965.0,7373.685000000001,110.245,1.0,-8,21,-1560.0,4095.0
2025-11-26,71,110.25,13845,7827.75,6017.25,2025-11,Wednesday,0.4346153846153846,Post cost optimization,False,False,59,11505.0,5000.545000000001,110.24499999999999,105,20475.0,8899.275000000001,110.245,1.0,-12,34,-2340.0,6630.0
2025-11-27,76,110.25,14820,8379.0,6441.0,2025-11,Thursday,0.4346153846153846,Post cost optimization,False,False,60,11700.0,5085.3,110.24499999999999,112,21840.0,9492.56,110.245,1.0,-16,36,-3120.0,7020.0
2025-11-28,80,110.25,15600,8820.0,6780.0,2025-11,Friday,0.4346153846153846,Post cost optimization,False,False,60,11700.0,5085.3,110.24499999999999,100,19500.0,8475.500000000002,110.245,1.0,-20,20,-3900.0,3900.0
2025-11-29,100,110.25,19500,11025.0,8475.0,2025-11,Saturday,0.4346153846153846,Post cost optimization,True,False,61,11895.0,5170.055,110.24499999999999,80,15600.0,6780.4000000000015,110.245,1.0,-39,-20,-7605.0,-3900.0
2025-11-30,100,110.25,19500,11025.0,8475.0,2025-11,Sunday,0.4346153846153846,Post cost optimization,True,False,62,12090.0,5254.81,110.24499999999999,82,15990.0,6949.910000000002,110.245,1.0,-38,-18,-7410.0,-3510.0
2025-12-01,81,110.25,15795,8930.25,6864.75,2025-12,Monday,0.4346153846153846,Post cost optimization,False,False,63,12285.0,5339.5650000000005,110.24499999999999,92,17940.0,7797.460000000001,110.245,1.0,-18,11,-3510.0,2145.0
2025-12-02,76,110.25,14820,8379.0,6441.0,2025-12,Tuesday,0.4346153846153846,Post cost optimization,False,False,63,12285.0,5339.5650000000005,110.24499999999999,110,21450.0,9323.05,110.245,1.0,-13,34,-2535.0,6630.0
2025-12-03,84,110.25,16380,9261.0,7119.0,2025-12,Wednesday,0.4346153846153846,Post cost optimization,False,False,64,12480.0,5424.320000000001,110.24499999999999,118,23010.0,10001.090000000002,110.245,1.0,-20,34,-3900.0,6630.0
2025-12-04,85,110.25,16575,9371.25,7203.75,2025-12,Thursday,0.4346153846153846,Post cost optimization,False,False,65,12675.0,5509.075000000001,110.24499999999999,130,25350.0,11018.15,110.245,1.0,-20,45,-3900.0,8775.0
2025-12-05,68,110.25,13260,7497.0,5763.0,2025-12,Friday,0.4346153846153846,Post cost optimization,False,False,66,12870.0,5593.830000000001,110.24499999999999,126,24570.0,10679.13,110.245,1.0,-2,58,-390.0,11310.0
2025-12-06,100,110.25,19500,11025.0,8475.0,2025-12,Saturday,0.4346153846153846,Post cost optimization,True,False,66,12870.0,5593.830000000001,110.24499999999999,116,22620.0,9831.580000000002,110.245,1.0,-34,16,-6630.0,3120.0
2025-12-07,100,110.25,19500,11025.0,8475.0,2025-12,Sunday,0.4346153846153846,Post cost optimization,True,False,67,13065.0,5678.585000000001,110.24499999999999,82,15990.0,6949.910000000002,110.245,1.0,-33,-18,-6435.0,-3510.0
2025-12-08,69,110.25,13455,7607.25,5847.75,2025-12,Monday,0.4346153846153846,Post cost optimization,False,False,68,13260.0,5763.340000000001,110.24499999999999,85,16575.0,7204.175000000001,110.245,1.0,-1,16,-195.0,3120.0
2025-12-09,64,110.25,12480,7056.0,5424.0,2025-12,Tuesday,0.4346153846153846,Post cost optimization,False,False,69,13455.0,5848.095,110.24499999999999,115,22425.0,9746.825,110.245,1.0,5,51,975.0,9945.0
2025-12-10,69,110.25,13455,7607.25,5847.75,2025-12,Wednesday,0.4346153846153846,Post cost optimization,False,False,70,13650.0,5932.85,110.24499999999999,121,23595.0,10255.355,110.245,1.0,1,52,195.0,10140.0
2025-12-11,70,110.25,13650,7717.5,5932.5,2025-12,Thursday,0.4346153846153846,Post cost optimization,False,False,71,13845.0,6017.6050000000005,110.24499999999999,130,25350.0,11018.15,110.245,1.0,1,60,195.0,11700.0
2025-12-12,77,110.25,15015,8489.25,6525.75,2025-12,Friday,0.4346153846153846,Post cost optimization,False,False,71,13845.0,6017.6050000000005,110.24499999999999,113,22035.0,9577.315,110.245,1.0,-6,36,-1170.0,7020.0
2025-12-13,100,110.25,19500,11025.0,8475.0,2025-12,Saturday,0.4346153846153846,Post cost optimization,True,False,72,14040.0,6102.360000000001,110.24499999999999,98,19110.0,8305.990000000002,110.245,1.0,-28,-2,-5460.0,-390.0
2025-12-14,100,110.25,19500,11025.0,8475.0,2025-12,Sunday,0.4346153846153846,Post cost optimization,True,False,73,14235.0,6187.115000000001,110.24499999999999,76,14820.0,6441.380000000001,110.245,1.0,-27,-24,-5265.0,-4680.0
2025-12-15,65,110.25,12675,7166.25,5508.75,2025-12,Monday,0.4346153846153846,Post cost optimization,False,False,74,14430.0,6271.870000000001,110.24499999999999,79,15405.0,6695.645,110.245,1.0,9,14,1755.0,2730.0
2025-12-16,92,110.25,17940,10143.0,7797.0,2025-12,Tuesday,0.4346153846153846,Post cost optimization,False,False,75,14625.0,6356.625,110.24499999999999,93,18135.0,7882.215,110.245,1.0,-17,1,-3315.0,195.0
2025-12-17,71,110.25,13845,7827.75,6017.25,2025-12,Wednesday,0.4346153846153846,Post cost optimization,False,False,76,14820.0,6441.380000000001,110.24499999999999,104,20280.0,8814.52,110.245,1.0,5,33,975.0,6435.0
2025-12-18,86,110.25,16770,9481.5,7288.5,2025-12,Thursday,0.4346153846153846,Post cost optimization,False,False,77,15015.0,6526.135,110.24499999999999,110,21450.0,9323.05,110.245,1.0,-9,24,-1755.0,4680.0
2025-12-19,73,110.25,14235,8048.25,6186.75,2025-12,Friday,0.4346153846153846,Post cost optimization,False,False,78,15210.0,6610.890000000001,110.24499999999999,107,20865.0,9068.785000000002,110.245,1.0,5,34,975.0,6630.0
2025-12-20,100,110.25,19500,11025.0,8475.0,2025-12,Saturday,0.4346153846153846,Post cost optimization,True,False,79,15405.0,6695.645,110.24499999999999,87,16965.0,7373.685000000001,110.245,1.0,-21,-13,-4095.0,-2535.0
2025-12-21,100,110.25,19500,11025.0,8475.0,2025-12,Sunday,0.4346153846153846,Post cost optimization,True,False,80,15600.0,6780.4000000000015,110.24499999999999,78,15210.0,6610.890000000001,110.245,1.0,-20,-22,-3900.0,-4290.0
2025-12-22,95,110.25,18525,10473.75,8051.25,2025-12,Monday,0.4346153846153846,Post cost optimization,False,False,80,15600.0,6780.4000000000015,110.24499999999999,76,14820.0,6441.380000000001,110.245,1.0,-15,-19,-2925.0,-3705.0
2025-12-23,83,110.25,16185,9150.75,7034.25,2025-12,Tuesday,0.4346153846153846,Post cost optimization,False,False,81,15795.0,6865.155000000001,110.24499999999999,88,17160.0,7458.44,110.245,1.0,-2,5,-390.0,975.0
2025-12-24,91,110.25,17745,10032.75,7712.25,2025-12,Wednesday,0.4346153846153846,Post cost optimization,False,False,82,15990.0,6949.910000000002,110.24499999999999,103,20085.0,8729.765000000001,110.245,1.0,-9,12,-1755.0,2340.0
2025-12-25,74,110.25,14430,8158.5,6271.5,2025-12,Thursday,0.4346153846153846,Post cost optimization,False,False,83,16185.0,7034.665000000001,110.24499999999999,121,23595.0,10255.355,110.245,1.0,9,47,1755.0,9165.0
2025-12-26,67,110.25,13065,7386.75,5678.25,2025-12,Friday,0.4346153846153846,Post cost optimization,False,False,84,16380.0,7119.42,110.24499999999999,111,21645.0,9407.805,110.245,1.0,17,44,3315.0,8580.0
2025-12-27,100,110.25,19500,11025.0,8475.0,2025-12,Saturday,0.4346153846153846,Post cost optimization,True,False,85,16575.0,7204.175000000001,110.24499999999999,88,17160.0,7458.44,110.245,1.0,-15,-12,-2925.0,-2340.0
2025-12-28,100,110.25,19500,11025.0,8475.0,2025-12,Sunday,0.4346153846153846,Post cost optimization,True,False,86,16770.0,7288.93,110.24499999999999,96,18720.0,8136.480000000001,110.245,1.0,-14,-4,-2730.0,-780.0
2025-12-29,88,110.25,17160,9702.0,7458.0,2025-12,Monday,0.4346153846153846,Post cost optimization,False,False,88,17160.0,7458.4400000000005,110.24499999999999,106,20670.0,8984.03,110.245,1.0,0,18,0.0,3510.0
2025-12-30,95,110.25,18525,10473.75,8051.25,2025-12,Tuesday,0.4346153846153846,Post cost optimization,False,False,89,17355.0,7543.1950000000015,110.24499999999999,119,23205.0,10085.845,110.245,1.0,-6,24,-1170.0,4680.0
2025-12-31,71,110.25,13845,7827.75,6017.25,2025-12,Wednesday,0.4346153846153846,Post cost optimization,False,False,90,17550.0,7627.950000000001,110.24499999999999,130,25350.0,11018.15,110.245,1.0,19,59,3705.0,11505.0
2026-01-01,48,110.25,9360,5292.0,4068.0,2026-01,Thursday,0.4346153846153846,Post cost optimization,False,False,91,17745.0,7712.705000000002,110.24499999999999,130,25350.0,11018.15,110.245,1.0,43,82,8385.0,15990.0
2026-01-02,36,110.25,7020,3969.0,3051.0,2026-01,Friday,0.4346153846153846,Post cost optimization,False,False,92,17940.0,7797.460000000001,110.24499999999999,130,25350.0,11018.15,110.245,1.0,56,94,10920.0,18330.0
2026-01-03,82,110.25,15990,9040.5,6949.5,2026-01,Saturday,0.4346153846153846,Post cost optimization,True,False,93,18135.0,7882.215,110.24499999999999,117,22815.0,9916.335,110.245,1.0,11,35,2145.0,6825.0
2026-01-04,83,110.25,16185,9150.75,7034.25,2026-01,Sunday,0.4346153846153846,Post cost optimization,True,False,94,18330.0,7966.970000000001,110.24499999999999,104,20280.0,8814.52,110.245,1.0,11,21,2145.0,4095.0
2026-01-05,40,110.25,7800,4410.0,3390.0,2026-01,Monday,0.4346153846153846,Post cost optimization,False,False,95,18525.0,8051.725,110.24499999999999,116,22620.0,9831.580000000002,110.245,1.0,55,76,10725.0,14820.0
2026-01-06,45,110.25,8775,4961.25,3813.75,2026-01,Tuesday,0.4346153846153846,Post cost optimization,False,False,96,18720.0,8136.480000000001,110.24499999999999,129,25155.0,10933.395,110.245,1.0,51,84,9945.0,16380.0
2026-01-07,39,110.25,7605,4299.75,3305.25,2026-01,Wednesday,0.4346153846153846,Post cost optimization,False,False,98,19110.0,8305.990000000002,110.24499999999999,130,25350.0,11018.15,110.245,1.0,59,91,11505.0,17745.0
2026-01-08,50,110.25,9750,5512.5,4237.5,2026-01,Thursday,0.4346153846153846,Post cost optimization,False,False,99,19305.0,8390.745,110.24499999999999,130,25350.0,11018.15,110.245,1.0,49,80,9555.0,15600.0
2026-01-09,50,110.25,9750,5512.5,4237.5,2026-01,Friday,0.4346153846153846,Post cost optimization,False,False,100,19500.0,8475.500000000002,110.24499999999999,130,25350.0,11018.15,110.245,1.0,50,80,9750.0,15600.0
2026-01-10,79,110.25,15405,8709.75,6695.25,2026-01,Saturday,0.4346153846153846,Post cost optimization,True,False,101,19695.0,8560.255000000001,110.24499999999999,112,21840.0,9492.56,110.245,1.0,22,33,4290.0,6435.0
2026-01-11,94,110.25,18330,10363.5,7966.5,2026-01,Sunday,0.4346153846153846,Post cost optimization,True,False,102,19890.0,8645.01,110.24499999999999,91,17745.0,7712.705000000002,110.245,1.0,8,-3,1560.0,-585.0
2026-01-12,43,110.25,8385,4740.75,3644.25,2026-01,Monday,0.4346153846153846,Post cost optimization,False,False,104,20280.0,8814.52,110.24499999999999,107,20865.0,9068.785000000002,110.245,1.0,61,64,11895.0,12480.0
2026-01-13,49,110.25,9555,5402.25,4152.75,2026-01,Tuesday,0.4346153846153846,Post cost optimization,False,False,105,20475.0,8899.275000000001,110.24499999999999,117,22815.0,9916.335,110.245,1.0,56,68,10920.0,13260.0
2026-01-14,50,110.25,9750,5512.5,4237.5,2026-01,Wednesday,0.4346153846153846,Post cost optimization,False,False,106,20670.0,8984.03,110.24499999999999,123,23985.0,10424.865000000002,110.245,1.0,56,73,10920.0,14235.0
2026-01-15,41,110.25,7995,4520.25,3474.75,2026-01,Thursday,0.4346153846153846,Post cost optimization,False,False,107,20865.0,9068.785000000002,110.24499999999999,130,25350.0,11018.15,110.245,1.0,66,89,12870.0,17355.0
2026-01-16,39,110.25,7605,4299.75,3305.25,2026-01,Friday,0.4346153846153846,Post cost optimization,False,False,109,21255.0,9238.295000000002,110.24499999999999,111,21645.0,9407.805,110.245,1.0,70,72,13650.0,14040.0
2026-01-17,67,110.25,13065,7386.75,5678.25,2026-01,Saturday,0.4346153846153846,Post cost optimization,True,False,110,21450.0,9323.050000000001,110.24499999999999,105,20475.0,8899.275000000001,110.245,1.0,43,38,8385.0,7410.0
2026-01-18,70,110.25,13650,7717.5,5932.5,2026-01,Sunday,0.4346153846153846,Post cost optimization,True,False,111,21645.0,9407.805,110.24499999999999,78,15210.0,6610.890000000001,110.245,1.0,41,8,7995.0,1560.0
2026-01-19,42,110.25,8190,4630.5,3559.5,2026-01,Monday,0.4346153846153846,Post cost optimization,False,False,113,22035.0,9577.315,110.24499999999999,91,17745.0,7712.705000000002,110.245,1.0,71,49,13845.0,9555.0
2026-01-20,43,110.25,8385,4740.75,3644.25,2026-01,Tuesday,0.4346153846153846,Post cost optimization,False,False,114,22230.0,9662.070000000002,110.24499999999999,100,19500.0,8475.500000000002,110.245,1.0,71,57,13845.0,11115.0
2026-01-21,49,110.25,9555,5402.25,4152.75,2026-01,Wednesday,0.4346153846153846,Post cost optimization,False,False,115,22425.0,9746.825,110.24499999999999,126,24570.0,10679.13,110.245,1.0,66,77,12870.0,15015.0
2026-01-22,52,110.25,10140,5733.0,4407.0,2026-01,Thursday,0.4346153846153846,Post cost optimization,False,False,117,22815.0,9916.335000000001,110.24499999999999,128,24960.0,10848.64,110.245,1.0,65,76,12675.0,14820.0
2026-01-23,46,110.25,8970,5071.5,3898.5,2026-01,Friday,0.4346153846153846,Post cost optimization,False,False,118,23010.0,10001.090000000002,110.24499999999999,113,22035.0,9577.315,110.245,1.0,72,67,14040.0,13065.0
2026-01-24,87,110.25,16965,9591.75,7373.25,2026-01,Saturday,0.4346153846153846,Post cost optimization,True,False,120,23400.0,10170.6,110.24499999999999,109,21255.0,9238.295000000002,110.245,1.0,33,22,6435.0,4290.0
2026-01-25,72,110.25,14040,7938.0,6102.0,2026-01,Sunday,0.4346153846153846,Post cost optimization,True,False,121,23595.0,10255.355000000001,110.24499999999999,94,18330.0,7966.970000000001,110.245,1.0,49,22,9555.0,4290.0
2026-01-26,47,110.25,9165,5181.75,3983.25,2026-01,Monday,0.4346153846153846,Post cost optimization,False,False,122,23790.0,10340.11,110.24499999999999,98,19110.0,8305.990000000002,110.245,1.0,75,51,14625.0,9945.0
2026-01-27,52,110.25,10140,5733.0,4407.0,2026-01,Tuesday,0.4346153846153846,Post cost optimization,False,False,124,24180.0,10509.62,110.24499999999999,120,23400.0,10170.6,110.245,1.0,72,68,14040.0,13260.0
2026-01-28,37,110.25,7215,4079.25,3135.75,2026-01,Wednesday,0.4346153846153846,Post cost optimization,False,False,125,24375.0,10594.375000000002,110.24499999999999,130,25350.0,11018.15,110.245,1.0,88,93,17160.0,18135.0
2026-01-29,42,110.25,8190,4630.5,3559.5,2026-01,Thursday,0.4346153846153846,Post cost optimization,False,False,127,24765.0,10763.885000000002,110.24499999999999,130,25350.0,11018.15,110.245,1.0,85,88,16575.0,17160.0
2026-01-30,42,110.25,8190,4630.5,3559.5,2026-01,Friday,0.4346153846153846,Post cost optimization,False,False,128,24960.0,10848.640000000001,110.24499999999999,130,25350.0,11018.15,110.245,1.0,86,88,16770.0,17160.0
2026-01-31,93,110.25,18135,10253.25,7881.75,2026-01,Saturday,0.4346153846153846,Post cost optimization,True,False,130,25350.0,11018.150000000001,110.24499999999999,125,24375.0,10594.375000000002,110.245,1.0,37,32,7215.0,6240.0
